21st Century Oncology,2016,"2,200,000",healthcare,hacked,https://en.wikipedia.org/wiki/List_of_data_breaches
Accendo Insurance Co.,2011,"175,350",healthcare,poor security,https://en.wikipedia.org/wiki/List_of_data_breaches
Adobe Systems,2013,"152,000,000",tech,hacked,https://en.wikipedia.org/wiki/List_of_data_breaches
Adobe Inc.,2019,"7,500,000",tech,poor security,https://en.wikipedia.org/wiki/List_of_data_breaches
Advocate Medical Group,2013,"4,000,000",healthcare,lost / stolen media,https://en.wikipedia.org/wiki/List_of_data_breaches
AerServ (subsidiary of InMobi),2018,"75,000",advertising,hacked,https://en.wikipedia.org/wiki/List_of_data_breaches
"Affinity Health Plan, Inc.",2009,"344,579",healthcare,lost / stolen media,https://en.wikipedia.org/wiki/List_of_data_breaches
Air Canada,2018,"20,000",transport,hacked,https://en.wikipedia.org/wiki/List_of_data_breaches
Amazon Japan G.K.,2019, ,web,accidentally published,https://en.wikipedia.org/wiki/List_of_data_breaches
Ameritrade,2005,"200,000",financial,lost / stolen media,https://en.wikipedia.org/wiki/List_of_data_breaches
Ancestry.com,2015,"300,000",web,poor security,https://en.wikipedia.org/wiki/List_of_data_breaches
"Ankle & Foot Center of Tampa Bay, Inc.",2010,"156,000",healthcare,hacked,https://en.wikipedia.org/wiki/List_of_data_breaches
Anthem Inc.,2015,"80,000,000",healthcare,hacked,https://en.wikipedia.org/wiki/List_of_data_breaches
AOL,2004,"92,000,000",web,"inside job, hacked",https://en.wikipedia.org/wiki/List_of_data_breaches
AOL,2006,"20,000,000",web,accidentally published,https://en.wikipedia.org/wiki/List_of_data_breaches
AOL,2014,"2,400,000",web,hacked,https://en.wikipedia.org/wiki/List_of_data_breaches
"Apple, Inc./BlueToad",2012,"12,367,232","tech, retail",accidentally published,https://en.wikipedia.org/wiki/List_of_data_breaches
Apple,2013,"275,000",tech,hacked,https://en.wikipedia.org/wiki/List_of_data_breaches
Apple Health Medicaid,2016,"91,000",healthcare,poor security,https://en.wikipedia.org/wiki/List_of_data_breaches
Ashley Madison,2015,"32,000,000",web,hacked,https://en.wikipedia.org/wiki/List_of_data_breaches
AT&T,2008,"113,000",telecoms,lost / stolen computer,https://en.wikipedia.org/wiki/List_of_data_breaches
AT&T,2010,"114,000",telecoms,hacked,https://en.wikipedia.org/wiki/List_of_data_breaches
Auction.co.kr,2008,"18,000,000",web,hacked,https://en.wikipedia.org/wiki/List_of_data_breaches
Australian Immigration Department,2015,G20 world leaders,government,accidentally published,https://en.wikipedia.org/wiki/List_of_data_breaches
Automatic Data Processing,2005,"125,000",financial,poor security,https://en.wikipedia.org/wiki/List_of_data_breaches
"AvMed, Inc.",2009,"1,220,000",healthcare,lost / stolen computer,https://en.wikipedia.org/wiki/List_of_data_breaches
Bailey's Inc.,2015,"250,000",retail,hacked,https://en.wikipedia.org/wiki/List_of_data_breaches
The Bank of New York Mellon,2008,"12,500,000",financial,lost / stolen media,https://en.wikipedia.org/wiki/List_of_data_breaches
Bank of America,2005,"1,200,000",financial,lost / stolen media,https://en.wikipedia.org/wiki/List_of_data_breaches
Barnes & Noble,2012,63 stores,retail,hacked,https://en.wikipedia.org/wiki/List_of_data_breaches
Bedford/St. Martin's,2012-2014, ,retail, ,https://en.wikipedia.org/wiki/List_of_data_breaches
Bell Canada,2017,"1,900,000",telecoms,poor security,https://en.wikipedia.org/wiki/List_of_data_breaches
Bell Canada,2018,"100,000",telecoms,hacked,https://en.wikipedia.org/wiki/List_of_data_breaches
Betfair,2010,"2,300,000",web,hacked,https://en.wikipedia.org/wiki/List_of_data_breaches
Bethesda Game Studios,2011,"200,000",gaming,hacked,https://en.wikipedia.org/wiki/List_of_data_breaches
Bethesda Game Studios,2018,,gaming,accidentally published,https://en.wikipedia.org/wiki/List_of_data_breaches
Blank Media Games,2018,"7,633,234",gaming,hacked,https://en.wikipedia.org/wiki/List_of_data_breaches
Blizzard Entertainment,2012,"14,000,000",gaming,hacked,https://en.wikipedia.org/wiki/List_of_data_breaches
BlueCross BlueShield of Tennessee,2009,"1,023,209",healthcare,lost / stolen media,https://en.wikipedia.org/wiki/List_of_data_breaches
BMO and Simplii,2018,"90,000",banking,poor security,https://en.wikipedia.org/wiki/List_of_data_breaches
British Airways,2018,"380,000",transport,hacked,https://en.wikipedia.org/wiki/List_of_data_breaches
British Airways,2015,tens of thousands,retail,hacked,https://en.wikipedia.org/wiki/List_of_data_breaches
2019 Bulgarian revenue agency hack,2019,"over 5,000,000",government,hacked,https://en.wikipedia.org/wiki/List_of_data_breaches
California Department of Child Support Services,2012,"800,000",government,lost / stolen media,https://en.wikipedia.org/wiki/List_of_data_breaches
Canva,2019,"140,000,000",web,hacked,https://en.wikipedia.org/wiki/List_of_data_breaches
Capital One,2019,"106,000,000",financial,hacked,https://en.wikipedia.org/wiki/List_of_data_breaches
CardSystems Solutions Inc.,2005,"40,000,000",financial,hacked,https://en.wikipedia.org/wiki/List_of_data_breaches
Cathay Pacific Airways,2018,"9,400,000",transport,hacked,https://en.wikipedia.org/wiki/List_of_data_breaches
CareFirst BlueCross Blue Shield - Maryland,2015,"1,100,000",healthcare,hacked,https://en.wikipedia.org/wiki/List_of_data_breaches
Central Coast Credit Union,2016,"60,000",financial,hacked,https://en.wikipedia.org/wiki/List_of_data_breaches
Central Hudson Gas & Electric,2013,"110,000",energy,hacked,https://en.wikipedia.org/wiki/List_of_data_breaches
CheckFree Corporation,2009,"5,000,000",financial,hacked,https://en.wikipedia.org/wiki/List_of_data_breaches
China Software Developer Network,2011,"6,000,000",web,hacked,https://en.wikipedia.org/wiki/List_of_data_breaches
"Chinese gaming websites (three: Duowan, 7K7K, 178.com)",2011,"10,000,000",web,hacked,https://en.wikipedia.org/wiki/List_of_data_breaches
Citigroup,2005,"3,900,000",financial,lost / stolen media,https://en.wikipedia.org/wiki/List_of_data_breaches
Citigroup,2011,"360,083",financial,hacked,https://en.wikipedia.org/wiki/List_of_data_breaches
Citigroup,2013,"150,000",financial,poor security,https://en.wikipedia.org/wiki/List_of_data_breaches
City and Hackney Teaching Primary Care Trust,2007,"160,000",healthcare,lost / stolen media,https://en.wikipedia.org/wiki/List_of_data_breaches
Colorado government,2010,"105,470",healthcare,lost / stolen computer,https://en.wikipedia.org/wiki/List_of_data_breaches
Community Health Systems,2014,"4,500,000",healthcare,hacked,https://en.wikipedia.org/wiki/List_of_data_breaches
Philippines Commission on Elections,2016,"55,000,000",government,hacked,https://en.wikipedia.org/wiki/List_of_data_breaches
Compass Bank,2007,"1,000,000",financial,inside job,https://en.wikipedia.org/wiki/List_of_data_breaches
Countrywide Financial Corp,2006,"2,600,000",financial,inside job,https://en.wikipedia.org/wiki/List_of_data_breaches
Countrywide Financial Corp,2011,"2,500,000",financial,inside job,https://en.wikipedia.org/wiki/List_of_data_breaches
Centers for Medicare & Medicaid Services,2018,"75,000",healthcare,hacked,https://en.wikipedia.org/wiki/List_of_data_breaches
Cox Communications,2016,"40,000",telecoms,hacked,https://en.wikipedia.org/wiki/List_of_data_breaches
"Crescent Health Inc., Walgreens",2013,"100,000",healthcare,lost / stolen computer,https://en.wikipedia.org/wiki/List_of_data_breaches
CVS,2015,millions,retail,hacked,https://en.wikipedia.org/wiki/List_of_data_breaches
Dai Nippon Printing,2007,"8,637,405",retail,inside job,https://en.wikipedia.org/wiki/List_of_data_breaches
"Data Processors International (MasterCard, Visa, Discover Financial Services and American Express)",2008,"8,000,000",financial,hacked,https://en.wikipedia.org/wiki/List_of_data_breaches
Defense Integrated Data Center (South Korea),2017,235 GB,military,hacked,https://en.wikipedia.org/wiki/List_of_data_breaches
Deloitte,2017,,"consulting, accounting",poor security,https://en.wikipedia.org/wiki/List_of_data_breaches
Democratic National Committee,2016,"19,252",political,,https://en.wikipedia.org/wiki/List_of_data_breaches
US Department of Homeland Security,2016,"30,000",government,poor security,https://en.wikipedia.org/wiki/List_of_data_breaches
Desjardins,2019,"2,900,000",financial,inside job,https://en.wikipedia.org/wiki/List_of_data_breaches
Domino's Pizza (France),2014,"600,000",web,hacked,https://en.wikipedia.org/wiki/List_of_data_breaches
DoorDash,2019,"4,900,000",web,hacked,https://en.wikipedia.org/wiki/List_of_data_breaches
UK Driving Standards Agency,2007,"3,000,000",government,lost / stolen media,https://en.wikipedia.org/wiki/List_of_data_breaches
Dropbox,2012,"68,648,009",web,hacked,https://en.wikipedia.org/wiki/List_of_data_breaches
Drupal,2013,"1,000,000",web,hacked,https://en.wikipedia.org/wiki/List_of_data_breaches
DSW Inc.,2005,"1,400,000",retail,hacked,https://en.wikipedia.org/wiki/List_of_data_breaches
Dun & Bradstreet,2013,"1,000,000",tech,hacked,https://en.wikipedia.org/wiki/List_of_data_breaches
eBay,2014,"145,000,000",web,hacked,https://en.wikipedia.org/wiki/List_of_data_breaches
Earl Enterprises,2018-2019,"2,000,000",restaurant,hacked,https://en.wikipedia.org/wiki/List_of_data_breaches
Educational Credit Management Corporation,2010,"3,300,000",financial,lost / stolen media,https://en.wikipedia.org/wiki/List_of_data_breaches
Eisenhower Medical Center,2011,"514,330",healthcare,lost / stolen computer,https://en.wikipedia.org/wiki/List_of_data_breaches
Embassy Cables,2010,"251,000",government,inside job,https://en.wikipedia.org/wiki/List_of_data_breaches
"Emergency Healthcare Physicians, Ltd.",2010,"180,111",healthcare,lost / stolen media,https://en.wikipedia.org/wiki/List_of_data_breaches
Emory Healthcare,2012,"315,000",healthcare,poor security,https://en.wikipedia.org/wiki/List_of_data_breaches
Erie County Medical Center,2017, ,healthcare,poor security,https://en.wikipedia.org/wiki/List_of_data_breaches
Equifax,2017,"143,000,000","financial, credit reporting",poor security,https://en.wikipedia.org/wiki/List_of_data_breaches
European Central Bank,2014, ,financial,hacked,https://en.wikipedia.org/wiki/List_of_data_breaches
Evernote,2013,"50,000,000",web,hacked,https://en.wikipedia.org/wiki/List_of_data_breaches
Excellus BlueCross BlueShield,2015,"10,000,000",healthcare,hacked,https://en.wikipedia.org/wiki/List_of_data_breaches
Experian - T-Mobile US,2015,"15,000,000",telecoms,hacked,https://en.wikipedia.org/wiki/List_of_data_breaches
EyeWire,2016, ,tech,lost / stolen computer,https://en.wikipedia.org/wiki/List_of_data_breaches
Facebook,2013,"6,000,000",web,accidentally published,https://en.wikipedia.org/wiki/List_of_data_breaches
Facebook,2018,"50,000,000",social network,poor security,https://en.wikipedia.org/wiki/List_of_data_breaches
Facebook,2019,"540,000,000",social network,poor security,https://en.wikipedia.org/wiki/List_of_data_breaches
Facebook,2019,"1,500,000",social network,accidentally uploaded,https://en.wikipedia.org/wiki/List_of_data_breaches
Federal Reserve Bank of Cleveland,2010,"400,000",financial,hacked,https://en.wikipedia.org/wiki/List_of_data_breaches
Fidelity National Information Services,2007,"8,500,000",financial,inside job,https://en.wikipedia.org/wiki/List_of_data_breaches
First American Corporation,2019,"885,000,000",financial service company,poor security,https://en.wikipedia.org/wiki/List_of_data_breaches
Florida Department of Juvenile Justice,2013,"100,000",government,lost / stolen computer,https://en.wikipedia.org/wiki/List_of_data_breaches
Friend Finder Networks,2016,"412,214,295",web,poor security / hacked,https://en.wikipedia.org/wiki/List_of_data_breaches
Formspring,2012,"420,000",web,accidentally published,https://en.wikipedia.org/wiki/List_of_data_breaches
Gamigo,2012,"8,000,000",web,hacked,https://en.wikipedia.org/wiki/List_of_data_breaches
Gap Inc.,2007,"800,000",retail,lost / stolen computer,https://en.wikipedia.org/wiki/List_of_data_breaches
Gawker,2010,"1,500,000",web,hacked,https://en.wikipedia.org/wiki/List_of_data_breaches
Global Payments,2012,"7,000,000",financial,hacked,https://en.wikipedia.org/wiki/List_of_data_breaches
Gmail,2014,"5,000,000",web,hacked,https://en.wikipedia.org/wiki/List_of_data_breaches
Google Plus,2018,"500,000",social network,poor security,https://en.wikipedia.org/wiki/List_of_data_breaches
Greek government,2012,"9,000,000",government,hacked,https://en.wikipedia.org/wiki/List_of_data_breaches
Grozio Chirurgija,2017,"25,000",healthcare,hacked,https://en.wikipedia.org/wiki/List_of_data_breaches
GS Caltex,2008,"11,100,000",energy,inside job,https://en.wikipedia.org/wiki/List_of_data_breaches
Gyft,2016, ,web,hacked,https://en.wikipedia.org/wiki/List_of_data_breaches
Hannaford Brothers Supermarket Chain,2007,"4,200,000",retail,hacked,https://en.wikipedia.org/wiki/List_of_data_breaches
HauteLook,2018,"28,517,244",retail,hacked,https://en.wikipedia.org/wiki/List_of_data_breaches
Health Net,2009,"500,000",healthcare,lost / stolen media,https://en.wikipedia.org/wiki/List_of_data_breaches
Health Net — IBM,2011,"1,900,000",healthcare,lost / stolen media,https://en.wikipedia.org/wiki/List_of_data_breaches
Health Sciences Authority (Singapore),2019,"808,000",healthcare,poor security,https://en.wikipedia.org/wiki/List_of_data_breaches
Heartland,2009,"130,000,000",financial,hacked,https://en.wikipedia.org/wiki/List_of_data_breaches
Heathrow Airport,2017,2.5GB,transport,lost / stolen media,https://en.wikipedia.org/wiki/List_of_data_breaches
Hewlett Packard,2006,"200,000","tech, retail",lost / stolen media,https://en.wikipedia.org/wiki/List_of_data_breaches
Hilton Hotels,2015, ,hotel,hacked,https://en.wikipedia.org/wiki/List_of_data_breaches
Home Depot,2014,"56,000,000",retail,hacked,https://en.wikipedia.org/wiki/List_of_data_breaches
Honda Canada,2011,"283,000",retail,poor security,https://en.wikipedia.org/wiki/List_of_data_breaches
Hyatt Hotels,2015,250 locations,hotel,hacked,https://en.wikipedia.org/wiki/List_of_data_breaches
Internal Revenue Service,2015,"720,000",financial,hacked,https://en.wikipedia.org/wiki/List_of_data_breaches
Inuvik hospital,2016,"6,700",healthcare,inside job,https://en.wikipedia.org/wiki/List_of_data_breaches
"Iranian banks (three: Saderat, Eghtesad Novin, and Saman)",2012,"3,000,000",financial,hacked,https://en.wikipedia.org/wiki/List_of_data_breaches
"Jefferson County, West Virginia",2008,"1,600,000",government,accidentally published,https://en.wikipedia.org/wiki/List_of_data_breaches
JP Morgan Chase,2010,"2,600,000",financial,lost / stolen media,https://en.wikipedia.org/wiki/List_of_data_breaches
JP Morgan Chase,2014,"76,000,000",financial,hacked,https://en.wikipedia.org/wiki/List_of_data_breaches
Justdial,2019,"100,000,000",local search,unprotected api,https://en.wikipedia.org/wiki/List_of_data_breaches
KDDI,2006,"4,000,000",telecoms,hacked,https://en.wikipedia.org/wiki/List_of_data_breaches
Kirkwood Community College,2013,"125,000",academic,hacked,https://en.wikipedia.org/wiki/List_of_data_breaches
KM.RU,2016,"1,500,000",web,hacked,https://en.wikipedia.org/wiki/List_of_data_breaches
Korea Credit Bureau,2014,"20,000,000",financial,inside job,https://en.wikipedia.org/wiki/List_of_data_breaches
Kroll Background America,2013,"1,000,000",tech,hacked,https://en.wikipedia.org/wiki/List_of_data_breaches
KT Corporation,2012,"8,700,000",telecoms,hacked,https://en.wikipedia.org/wiki/List_of_data_breaches
LexisNexis,2014,"1,000,000",tech,hacked,https://en.wikipedia.org/wiki/List_of_data_breaches
"Landry's, Inc.",2015,500 locations,restaurant,hacked,https://en.wikipedia.org/wiki/List_of_data_breaches
Lincoln Medical & Mental Health Center,2010,"130,495",healthcare,lost / stolen media,https://en.wikipedia.org/wiki/List_of_data_breaches
"LinkedIn, eHarmony, Last.fm",2012,"8,000,000",web,accidentally published,https://en.wikipedia.org/wiki/List_of_data_breaches
Living Social,2013,"50,000,000",web,hacked,https://en.wikipedia.org/wiki/List_of_data_breaches
MacRumors.com,2014,"860,000",web,hacked,https://en.wikipedia.org/wiki/List_of_data_breaches
Mandarin Oriental Hotels,2014,10 locations,hotel,hacked,https://en.wikipedia.org/wiki/List_of_data_breaches
Marriott International,2018,"500,000,000",hotel,hacked,https://en.wikipedia.org/wiki/List_of_data_breaches
Massachusetts Government,2011,"210,000",government,poor security,https://en.wikipedia.org/wiki/List_of_data_breaches
Massive American business hack,,,,,https://en.wikipedia.org/wiki/List_of_data_breaches
including 7-Eleven and Nasdaq,2012,"160,000,000",financial,hacked,https://en.wikipedia.org/wiki/List_of_data_breaches
US Medicaid,2012,"780,000","government, healthcare",hacked,https://en.wikipedia.org/wiki/List_of_data_breaches
Medical Informatics Engineering,2015,"3,900,000",healthcare,hacked,https://en.wikipedia.org/wiki/List_of_data_breaches
Memorial Healthcare System,2011,"102,153",healthcare,lost / stolen media,https://en.wikipedia.org/wiki/List_of_data_breaches
Michaels,2014,"3,000,000",retail,hacked,https://en.wikipedia.org/wiki/List_of_data_breaches
Militarysingles.com,2012,"163,792","web, military",accidentally published,https://en.wikipedia.org/wiki/List_of_data_breaches
Ministry of Education (Chile),2008,"6,000,000",government,accidentally published,https://en.wikipedia.org/wiki/List_of_data_breaches
Ministry of Health (Singapore),2019,"14,200",healthcare,poor security/inside job,https://en.wikipedia.org/wiki/List_of_data_breaches
Mobile TeleSystems (MTS),2019,"100,000,000",telecommunications,misconfiguration/poor security,https://en.wikipedia.org/wiki/List_of_data_breaches
Monster.com,2007,"1,600,000",web,hacked,https://en.wikipedia.org/wiki/List_of_data_breaches
Morgan Stanley Smith Barney,2011,"34,000",financial,lost / stolen media,https://en.wikipedia.org/wiki/List_of_data_breaches
Mozilla,2014,"76,000",web,poor security,https://en.wikipedia.org/wiki/List_of_data_breaches
MyHeritage,2018,"92,283,889",genealogy, ,https://en.wikipedia.org/wiki/List_of_data_breaches
NASDAQ,2014, ,financial,hacked,https://en.wikipedia.org/wiki/List_of_data_breaches
Natural Grocers,2015,93 stores,retail,hacked,https://en.wikipedia.org/wiki/List_of_data_breaches
Neiman Marcus,2014,"1,100,000",retail,hacked,https://en.wikipedia.org/wiki/List_of_data_breaches
Nemours Foundation,2011,"1,055,489",healthcare,lost / stolen media,https://en.wikipedia.org/wiki/List_of_data_breaches
Network Solutions,2009,"573,000",tech,hacked,https://en.wikipedia.org/wiki/List_of_data_breaches
New York City Health & Hospitals Corp.,2010,"1,700,000",healthcare,lost / stolen media,https://en.wikipedia.org/wiki/List_of_data_breaches
New York State Electric & Gas,2012,"1,800,000",energy,inside job,https://en.wikipedia.org/wiki/List_of_data_breaches
New York Taxis,2014,"52,000",transport,poor security,https://en.wikipedia.org/wiki/List_of_data_breaches
Nexon Korea Corp,2011,"13,200,000",web,hacked,https://en.wikipedia.org/wiki/List_of_data_breaches
NHS,2011,"8,300,000",healthcare,lost / stolen media,https://en.wikipedia.org/wiki/List_of_data_breaches
Nintendo,2013,"240,000",gaming,hacked,https://en.wikipedia.org/wiki/List_of_data_breaches
Nival Networks,2016,"1,500,000",gaming,hacked,https://en.wikipedia.org/wiki/List_of_data_breaches
Norwegian Tax Administration,2008,"3,950,000",government,accidentally published,https://en.wikipedia.org/wiki/List_of_data_breaches
Ofcom,2016, ,telecom,inside job,https://en.wikipedia.org/wiki/List_of_data_breaches
US Office of Personnel Management,2015,"21,500,000",government,hacked,https://en.wikipedia.org/wiki/List_of_data_breaches
Office of the Texas Attorney General,2012,"6,500,000",government,accidentally published,https://en.wikipedia.org/wiki/List_of_data_breaches
Ohio State University,2010,"760,000",academic,hacked,https://en.wikipedia.org/wiki/List_of_data_breaches
Orbitz,2018,"880,000",web,hacked,https://en.wikipedia.org/wiki/List_of_data_breaches
Oregon Department of Transportation,2011, ,government,poor security,https://en.wikipedia.org/wiki/List_of_data_breaches
OVH,2013,undisclosed,web,hacked,https://en.wikipedia.org/wiki/List_of_data_breaches
Patreon,2015,2.3 million,web,hacked,https://en.wikipedia.org/wiki/List_of_data_breaches
Popsugar,2018,"123,857",fashion,hacked,https://en.wikipedia.org/wiki/List_of_data_breaches
Premera,2015,"11,000,000",healthcare,hacked,https://en.wikipedia.org/wiki/List_of_data_breaches
Puerto Rico Department of Health,2010,"515,000",healthcare,hacked,https://en.wikipedia.org/wiki/List_of_data_breaches
Quest Diagnostics,2019,"11,900,000",Clinical Laboratory,poor security,https://en.wikipedia.org/wiki/List_of_data_breaches
Quora,2018,"100,000,000",Question & Answer,hacked,https://en.wikipedia.org/wiki/List_of_data_breaches
Rambler.ru,2012,"98,167,935",web,hacked,https://en.wikipedia.org/wiki/List_of_data_breaches
RBS Worldpay,2008,"1,500,000",financial,hacked,https://en.wikipedia.org/wiki/List_of_data_breaches
Reddit,2018, ,web,hacked,https://en.wikipedia.org/wiki/List_of_data_breaches
Restaurant Depot,2011,"200,000",retail,hacked,https://en.wikipedia.org/wiki/List_of_data_breaches
RockYou!,2009,"32,000,000","web, gaming",hacked,https://en.wikipedia.org/wiki/List_of_data_breaches
Rosen Hotels,2016, ,hotel,hacked,https://en.wikipedia.org/wiki/List_of_data_breaches
San Francisco Public Utilities Commission,2011,"180,000",government,hacked,https://en.wikipedia.org/wiki/List_of_data_breaches
Scottrade,2015,"4,600,000",financial,hacked,https://en.wikipedia.org/wiki/List_of_data_breaches
Scribd,2013,"500,000",web,hacked,https://en.wikipedia.org/wiki/List_of_data_breaches
"Seacoast Radiology, PA",2010,"231,400",healthcare,hacked,https://en.wikipedia.org/wiki/List_of_data_breaches
Sega,2011,"1,290,755",gaming,hacked,https://en.wikipedia.org/wiki/List_of_data_breaches
Service Personnel and Veterans Agency (UK),2008,"50,500",government,lost / stolen media,https://en.wikipedia.org/wiki/List_of_data_breaches
SingHealth,2018,"1,500,000","government, database",hacked,https://en.wikipedia.org/wiki/List_of_data_breaches
Slack,2015,"500,000",tech,poor security,https://en.wikipedia.org/wiki/List_of_data_breaches
SnapChat,2013,"4,700,000","web, tech",hacked,https://en.wikipedia.org/wiki/List_of_data_breaches
Sony Online Entertainment,2011,"24,600,000",gaming,hacked,https://en.wikipedia.org/wiki/List_of_data_breaches
Sony Pictures,2011,"1,000,000",web,hacked,https://en.wikipedia.org/wiki/List_of_data_breaches
Sony Pictures,2014,100 terabytes,media,hacked,https://en.wikipedia.org/wiki/List_of_data_breaches
Sony PlayStation Network,2011,"77,000,000",gaming,hacked,https://en.wikipedia.org/wiki/List_of_data_breaches
South Africa police,2013,"16,000",government,hacked,https://en.wikipedia.org/wiki/List_of_data_breaches
South Carolina Government,2012,"6,400,000",healthcare,inside job,https://en.wikipedia.org/wiki/List_of_data_breaches
"South Shore Hospital, Massachusetts",2010,"800,000",healthcare,lost / stolen media,https://en.wikipedia.org/wiki/List_of_data_breaches
Southern California Medical-Legal Consultants,2011,"300,000",healthcare,hacked,https://en.wikipedia.org/wiki/List_of_data_breaches
Spartanburg Regional Healthcare System,2011,"400,000",healthcare,lost / stolen computer,https://en.wikipedia.org/wiki/List_of_data_breaches
Stanford University,2008,"72,000",academic,lost / stolen computer,https://en.wikipedia.org/wiki/List_of_data_breaches
Starbucks,2008,"97,000",retail,lost / stolen computer,https://en.wikipedia.org/wiki/List_of_data_breaches
Starwood Hotels,,,,,https://en.wikipedia.org/wiki/List_of_data_breaches
including Westin Hotels and Sheraton Hotels,2015,54 locations,hotel,hacked,https://en.wikipedia.org/wiki/List_of_data_breaches
State of Texas,2011,"3,500,000",government,accidentally published,https://en.wikipedia.org/wiki/List_of_data_breaches
Steam,2011,"35,000,000",web,hacked,https://en.wikipedia.org/wiki/List_of_data_breaches
StockX,2019,"6,800,000",retail,hacked,https://en.wikipedia.org/wiki/List_of_data_breaches
Stratfor,2011,"935,000",military,accidentally published,https://en.wikipedia.org/wiki/List_of_data_breaches
Supervalu,2014,200 stores,retail,hacked,https://en.wikipedia.org/wiki/List_of_data_breaches
Sutter Medical Center,2011,"4,243,434",healthcare,lost / stolen computer,https://en.wikipedia.org/wiki/List_of_data_breaches
Syrian government (Syria Files),2012,"2,434,899",government,hacked,https://en.wikipedia.org/wiki/List_of_data_breaches
Taobao,2016,"20,000,000",retail,hacked,https://en.wikipedia.org/wiki/List_of_data_breaches
Taringa!,2017,"28,722,877",web,hacked,https://en.wikipedia.org/wiki/List_of_data_breaches
Target Corporation,2013,"110,000,000",retail,hacked,https://en.wikipedia.org/wiki/List_of_data_breaches
TaxSlayer.com,2016, ,web,hacked,https://en.wikipedia.org/wiki/List_of_data_breaches
TD Ameritrade,2007,"6,300,000",financial,hacked,https://en.wikipedia.org/wiki/List_of_data_breaches
TD Bank,2012,"260,000",financial,hacked,https://en.wikipedia.org/wiki/List_of_data_breaches
TerraCom & YourTel,2013,"170,000",telecoms,accidentally published,https://en.wikipedia.org/wiki/List_of_data_breaches
Texas Lottery,2007,"89,000",government,inside job,https://en.wikipedia.org/wiki/List_of_data_breaches
Ticketfly (subsidiary of Eventbrite),2018,"26,151,608",ticket distribution,hacked,https://en.wikipedia.org/wiki/List_of_data_breaches
Tianya Club,2011,"28,000,000",web,hacked,https://en.wikipedia.org/wiki/List_of_data_breaches
TK / TJ Maxx,2007,"94,000,000",retail,hacked,https://en.wikipedia.org/wiki/List_of_data_breaches
"T-Mobile, Deutsche Telekom",2006,"17,000,000",telecoms,lost / stolen media,https://en.wikipedia.org/wiki/List_of_data_breaches
Tricare,2011,"4,901,432","military, healthcare",lost / stolen computer,https://en.wikipedia.org/wiki/List_of_data_breaches
"Triple-S Salud, Inc.",2010,"398,000",healthcare,lost / stolen media,https://en.wikipedia.org/wiki/List_of_data_breaches
Truecaller,2019,"299,055,000",Telephone directory, ,https://en.wikipedia.org/wiki/List_of_data_breaches
Trump Hotels,2014,8 locations,hotel,hacked,https://en.wikipedia.org/wiki/List_of_data_breaches
Tumblr,2013,"65,469,298",web,hacked,https://en.wikipedia.org/wiki/List_of_data_breaches
Twitch.tv,2015, ,tech,hacked,https://en.wikipedia.org/wiki/List_of_data_breaches
Twitter,2013,"250,000",web,hacked,https://en.wikipedia.org/wiki/List_of_data_breaches
Typeform,2018, ,tech,poor security,https://en.wikipedia.org/wiki/List_of_data_breaches
Uber,2014,"50,000",tech,poor security,https://en.wikipedia.org/wiki/List_of_data_breaches
Uber,2017,"57,000,000",transport,hacked,https://en.wikipedia.org/wiki/List_of_data_breaches
Ubisoft,2013, ,gaming,hacked,https://en.wikipedia.org/wiki/List_of_data_breaches
Ubuntu,2013,"2,000,000",tech,hacked,https://en.wikipedia.org/wiki/List_of_data_breaches
"UCLA Medical Center, Santa Monica",2015,"4,500,000",healthcare,hacked,https://en.wikipedia.org/wiki/List_of_data_breaches
UK Home Office,2008,"84,000",government,lost / stolen media,https://en.wikipedia.org/wiki/List_of_data_breaches
UK Ministry of Defence,2008,"1,700,000",government,lost / stolen media,https://en.wikipedia.org/wiki/List_of_data_breaches
UK Revenue & Customs,2007,"25,000,000",government,lost / stolen media,https://en.wikipedia.org/wiki/List_of_data_breaches
Universiti Teknologi MARA,2019,"1,164,540",academic,hacked,https://en.wikipedia.org/wiki/List_of_data_breaches
Under Armour,2018,"150,000,000",Consumer Goods,hacked,https://en.wikipedia.org/wiki/List_of_data_breaches
"University of California, Berkeley",2009,"160,000",academic,hacked,https://en.wikipedia.org/wiki/List_of_data_breaches
"University of California, Berkeley",2016,"80,000",academic,hacked,https://en.wikipedia.org/wiki/List_of_data_breaches
"University of Maryland, College Park",2014,"300,000",academic,hacked,https://en.wikipedia.org/wiki/List_of_data_breaches
University of Central Florida,2016,"63,000",academic,hacked,https://en.wikipedia.org/wiki/List_of_data_breaches
University of Miami,2008,"2,100,000",academic,lost / stolen computer,https://en.wikipedia.org/wiki/List_of_data_breaches
University of Utah Hospital & Clinics,2008,"2,200,000",academic,lost / stolen media,https://en.wikipedia.org/wiki/List_of_data_breaches
University of Wisconsin–Milwaukee,2011,"73,000",academic,hacked,https://en.wikipedia.org/wiki/List_of_data_breaches
United States Postal Service,2018,"60,000,000",government,poor security,https://en.wikipedia.org/wiki/List_of_data_breaches
UPS,2014,51 locations,retail,hacked,https://en.wikipedia.org/wiki/List_of_data_breaches
U.S. Army,2011,"50,000",military,accidentally published,https://en.wikipedia.org/wiki/List_of_data_breaches
U.S. Army,,,,,https://en.wikipedia.org/wiki/List_of_data_breaches
(classified Iraq War documents),2010,"392,000",government,inside job,https://en.wikipedia.org/wiki/List_of_data_breaches
U.S. Department of Defense,2009,"72,000",military,lost / stolen media,https://en.wikipedia.org/wiki/List_of_data_breaches
U.S. Department of Veteran Affairs,2006,"26,500,000","government, military",lost / stolen computer,https://en.wikipedia.org/wiki/List_of_data_breaches
U.S. law enforcement (70 different agencies),2011,"123,461",government,accidentally published,https://en.wikipedia.org/wiki/List_of_data_breaches
National Archives and Records Administration (U.S. military veterans records),2009,"76,000,000",military,lost / stolen media,https://en.wikipedia.org/wiki/List_of_data_breaches
U.S. government (United States diplomatic cables leak),2010,"260,000",military,inside job,https://en.wikipedia.org/wiki/List_of_data_breaches
National Guard of the United States,2009,"131,000",military,lost / stolen computer,https://en.wikipedia.org/wiki/List_of_data_breaches
Verizon Communications,2016,"1,500,000",telecoms,hacked,https://en.wikipedia.org/wiki/List_of_data_breaches
Virginia Department of Health,2009,"8,257,378","government, healthcare",hacked,https://en.wikipedia.org/wiki/List_of_data_breaches
Virginia Prescription Monitoring Program,2009,"531,400",healthcare,hacked,https://en.wikipedia.org/wiki/List_of_data_breaches
Vodafone,2013,"2,000,000",telecoms,inside job,https://en.wikipedia.org/wiki/List_of_data_breaches
VTech,2015,"5,000,000",retail,hacked,https://en.wikipedia.org/wiki/List_of_data_breaches
Walmart,2015,"1,300,000",retail,hacked,https://en.wikipedia.org/wiki/List_of_data_breaches
Washington Post,2011,"1,270,000",media,hacked,https://en.wikipedia.org/wiki/List_of_data_breaches
Washington State court system,2013,"160,000",government,hacked,https://en.wikipedia.org/wiki/List_of_data_breaches
Weebly,2016,"43,430,316",web,hacked,https://en.wikipedia.org/wiki/List_of_data_breaches
Wendy's,2015, ,restaurant,hacked,https://en.wikipedia.org/wiki/List_of_data_breaches
Woodruff Arts Center,2019, ,arts group,poor security,https://en.wikipedia.org/wiki/List_of_data_breaches
WordPress,2018,,,hacked,https://en.wikipedia.org/wiki/List_of_data_breaches
Writerspace.com,2011,"62,000",web,hacked,https://en.wikipedia.org/wiki/List_of_data_breaches
Xat.com,2015,"6,054,459",web,social engineering,https://en.wikipedia.org/wiki/List_of_data_breaches
Yahoo,2013,"3,000,000,000",web,hacked,https://en.wikipedia.org/wiki/List_of_data_breaches
Yahoo,2014,"500,000,000",web,hacked,https://en.wikipedia.org/wiki/List_of_data_breaches
Yahoo Japan,2013,"22,000,000","tech, web",hacked,https://en.wikipedia.org/wiki/List_of_data_breaches
Yahoo! Voices,2012,"450,000",web,hacked,https://en.wikipedia.org/wiki/List_of_data_breaches
Yale University,2010,"43,000",academic,accidentally published,https://en.wikipedia.org/wiki/List_of_data_breaches
Zappos,2012,"24,000,000",web,hacked,https://en.wikipedia.org/wiki/List_of_data_breaches
Zynga,2019,"218,000,000",social network,hacked,https://en.wikipedia.org/wiki/List_of_data_breaches
Westpac,2019,"98,000",financial,hacked,https://en.wikipedia.org/wiki/List_of_data_breaches
Australian National University,2019,19 years of data,academic,hacked,https://en.wikipedia.org/wiki/List_of_data_breaches